timestamp,route_short_name,position_longitude,position_latitude,time
2017-05-16 11:37:48.000 -07:00,026,-123.045364379883,49.2443008422852,1
2017-05-16 11:49:11.000 -07:00,026,-123.045135498047,49.2442665100098,2
2017-05-16 11:50:16.000 -07:00,026,-123.043884277344,49.242748260498,3
2017-05-16 11:51:21.000 -07:00,026,-123.047065734863,49.2394180297852,4
2017-05-16 11:52:26.000 -07:00,026,-123.048202514648,49.2373161315918,5
2017-05-16 11:53:31.000 -07:00,026,-123.043083190918,49.234748840332,6
2017-05-16 11:56:13.000 -07:00,026,-123.04313659668,49.2306518554688,7
2017-05-16 11:56:45.000 -07:00,026,-123.041481018066,49.2275161743164,8
2017-05-16 11:58:22.000 -07:00,026,-123.041015625,49.2252502441406,9
2017-05-16 11:58:54.000 -07:00,026,-123.041069030762,49.2242660522461,10
2017-05-16 12:00:32.000 -07:00,026,-123.045364379883,49.2443008422852,11
2017-05-16 12:01:37.000 -07:00,026,-123.041481018066,49.2160339355469,12
2017-05-16 12:02:42.000 -07:00,026,-123.045364379883,49.2443008422852,13
2017-05-16 12:04:52.000 -07:00,026,-123.029830932617,49.2140502929688,14
2017-05-16 12:06:29.000 -07:00,026,-123.047096252441,49.2393836975098,15
2017-05-16 12:07:01.000 -07:00,026,-123.025436401367,49.2154655456543,16
2017-05-16 12:08:06.000 -07:00,026,-123.04810333252,49.2372665405273,17
2017-05-16 12:09:11.000 -07:00,026,-123.024070739746,49.2174682617188,18
2017-05-16 12:10:49.000 -07:00,026,-123.042953491211,49.2286682128906,19
2017-05-16 12:11:54.000 -07:00,026,-123.026786804199,49.222484588623,20
2017-05-16 12:12:59.000 -07:00,026,-123.041069030762,49.2242012023926,21
2017-05-16 12:14:36.000 -07:00,026,-123.032386779785,49.2200508117676,22
2017-05-16 12:16:13.000 -07:00,026,-123.040130615234,49.2154998779297,23
2017-05-16 12:17:50.000 -07:00,026,-123.032081604004,49.2290840148926,24
2017-05-16 12:19:28.000 -07:00,026,-123.029716491699,49.2122344970703,25
2017-05-16 12:20:33.000 -07:00,026,-123.037399291992,49.2321510314941,26
2017-05-16 12:21:38.000 -07:00,026,-123.025497436523,49.2152481079102,27
2017-05-16 12:22:11.000 -07:00,026,-123.033149719238,49.2368507385254,28
2017-05-16 12:24:03.000 -07:00,026,-123.023651123047,49.2206344604492,29
2017-05-16 12:25:08.000 -07:00,026,-123.045166015625,49.2442817687988,30
2017-05-16 12:25:40.000 -07:00,026,-123.029014587402,49.2226181030273,31
2017-05-16 12:27:17.000 -07:00,026,-123.047218322754,49.2392654418945,32
2017-05-16 12:27:49.000 -07:00,026,-123.032386779785,49.2199516296387,33
2017-05-16 12:28:54.000 -07:00,026,-123.047218322754,49.2392654418945,34
2017-05-16 12:30:31.000 -07:00,026,-123.032165527344,49.2267837524414,35
2017-05-16 12:31:36.000 -07:00,026,-123.04313659668,49.2306327819824,36
2017-05-16 12:33:14.000 -07:00,026,-123.037399291992,49.2321319580078,37
2017-05-16 12:34:19.000 -07:00,026,-123.041015625,49.2251815795898,38
2017-05-16 12:35:24.000 -07:00,026,-123.033264160156,49.2367324829102,39
2017-05-16 12:38:06.000 -07:00,026,-123.036613464355,49.215648651123,40
2017-05-16 12:38:38.000 -07:00,026,-123.045997619629,49.2444839477539,41
2017-05-16 12:40:15.000 -07:00,026,-123.031219482422,49.2154846191406,42
2017-05-16 12:41:20.000 -07:00,026,-123.045364379883,49.2443008422852,43
2017-05-16 12:41:53.000 -07:00,026,-123.029716491699,49.2122344970703,44
2017-05-16 12:42:58.000 -07:00,026,-123.045364379883,49.2443008422852,45
2017-05-16 12:44:03.000 -07:00,026,-123.025466918945,49.2153511047363,46
2017-05-16 12:45:08.000 -07:00,026,-123.045219421387,49.2442817687988,47
2017-05-16 12:46:13.000 -07:00,026,-123.023651123047,49.2206153869629,48
2017-05-16 12:46:45.000 -07:00,026,-123.047203063965,49.2392654418945,49
2017-05-16 12:48:54.000 -07:00,026,-123.029235839844,49.2224006652832,50
2017-05-16 12:49:26.000 -07:00,026,-123.044868469238,49.236198425293,51
2017-05-16 12:51:03.000 -07:00,026,-123.032234191895,49.2252159118652,52
2017-05-16 12:51:35.000 -07:00,026,-123.043014526367,49.2287826538086,53
2017-05-16 12:52:07.000 -07:00,026,-123.032165527344,49.2268333435059,54
2017-05-16 12:52:39.000 -07:00,026,-123.041496276855,49.2275161743164,55
2017-05-16 12:54:48.000 -07:00,026,-123.037399291992,49.2321319580078,56
2017-05-16 12:55:52.000 -07:00,026,-123.04133605957,49.2193984985352,57
2017-05-16 12:58:01.000 -07:00,026,-123.036636352539,49.215648651123,58
2017-05-16 12:59:06.000 -07:00,026,-123.045349121094,49.2442169189453,59
2017-05-16 13:00:11.000 -07:00,026,-123.02970123291,49.2120513916016,60
2017-05-16 13:01:16.000 -07:00,026,-123.045349121094,49.2442169189453,61
2017-05-16 13:02:21.000 -07:00,026,-123.025085449219,49.2166481018066,62
2017-05-16 13:03:26.000 -07:00,026,-123.045349121094,49.2442169189453,63
2017-05-16 13:05:03.000 -07:00,026,-123.023651123047,49.2207336425781,64
2017-05-16 13:05:35.000 -07:00,026,-123.045135498047,49.2442169189453,65
2017-05-16 13:06:07.000 -07:00,026,-123.024749755859,49.2219505310059,66
2017-05-16 13:08:16.000 -07:00,026,-123.048416137695,49.2372512817383,67
2017-05-16 13:08:48.000 -07:00,026,-123.032279968262,49.2236175537109,68
2017-05-16 13:10:57.000 -07:00,026,-123.04322052002,49.2306823730469,69
2017-05-16 13:12:02.000 -07:00,026,-123.032081604004,49.229118347168,70
2017-05-16 13:13:07.000 -07:00,026,-123.041152954102,49.2251319885254,71
2017-05-16 13:15:49.000 -07:00,026,-123.035415649414,49.2345848083496,72
2017-05-16 13:16:54.000 -07:00,026,-123.040451049805,49.2154502868652,73
2017-05-16 13:17:59.000 -07:00,026,-123.034484863281,49.2162017822266,74
2017-05-16 13:18:31.000 -07:00,026,-123.045364379883,49.2443008422852,75
2017-05-16 13:19:03.000 -07:00,026,-123.031616210938,49.2154502868652,76
2017-05-16 13:21:12.000 -07:00,026,-123.045364379883,49.2443008422852,77
2017-05-16 13:21:44.000 -07:00,026,-123.025215148926,49.2121849060059,78
2017-05-16 13:23:53.000 -07:00,026,-123.045364379883,49.2443008422852,79
2017-05-16 13:26:03.000 -07:00,026,-123.029014587402,49.2227516174316,80
2017-05-16 13:27:08.000 -07:00,026,-123.047149658203,49.2393188476563,81
2017-05-16 13:28:13.000 -07:00,026,-123.032333374023,49.2217826843262,82
2017-05-16 13:28:45.000 -07:00,026,-123.04810333252,49.2372665405273,83
2017-05-16 13:29:18.000 -07:00,026,-123.032234191895,49.2235679626465,84
2017-05-16 13:30:23.000 -07:00,026,-123.043083190918,49.2345314025879,85
2017-05-16 13:31:28.000 -07:00,026,-123.032051086426,49.229118347168,86
2017-05-16 13:32:00.000 -07:00,026,-123.04125213623,49.2273483276367,87
2017-05-16 13:33:05.000 -07:00,026,-123.037414550781,49.2318496704102,88
2017-05-16 13:33:37.000 -07:00,026,-123.041069030762,49.2242164611816,89
2017-05-16 13:35:46.000 -07:00,026,-123.033279418945,49.2367515563965,90
2017-05-16 13:36:18.000 -07:00,026,-123.04133605957,49.2193984985352,91
2017-05-16 13:36:52.000 -07:00,026,-123.033279418945,49.2367515563965,92
2017-05-16 13:37:57.000 -07:00,026,-123.03621673584,49.2157516479492,93
2017-05-16 13:39:02.000 -07:00,026,-123.03125,49.2154846191406,94
2017-05-16 13:40:39.000 -07:00,026,-123.02978515625,49.2136840820313,95
2017-05-16 13:41:44.000 -07:00,026,-123.029716491699,49.2122344970703,96
2017-05-16 13:42:49.000 -07:00,026,-123.025436401367,49.2154655456543,97
2017-05-16 13:43:54.000 -07:00,026,-123.023635864258,49.2183151245117,98
2017-05-16 13:47:41.000 -07:00,026,-123.029266357422,49.2223510742188,99
2017-05-16 13:49:19.000 -07:00,026,-123.032279968262,49.2238998413086,100
2017-05-16 13:50:56.000 -07:00,026,-123.032150268555,49.2270317077637,101
2017-05-16 13:52:01.000 -07:00,026,-123.032081604004,49.2291488647461,102
2017-05-16 13:53:06.000 -07:00,026,-123.037399291992,49.2319831848145,103
2017-05-16 13:54:43.000 -07:00,026,-123.035369873047,49.2346343994141,104
2017-05-16 13:56:20.000 -07:00,026,-123.033134460449,49.2368659973145,105
2017-05-16 11:45:57.000 -07:00,134,-123.001831054688,49.2664337158203,106
2017-05-16 11:56:13.000 -07:00,134,-123.003082275391,49.2673683166504,107
2017-05-16 11:56:45.000 -07:00,134,-123.001930236816,49.2710342407227,108
2017-05-16 11:58:22.000 -07:00,134,-122.99983215332,49.2702178955078,109
2017-05-16 11:58:54.000 -07:00,134,-122.995750427246,49.2683181762695,110
2017-05-16 12:00:32.000 -07:00,134,-122.992164611816,49.2705841064453,111
2017-05-16 12:01:37.000 -07:00,134,-122.992149353027,49.2751312255859,112
2017-05-16 12:02:42.000 -07:00,134,-122.98656463623,49.2755012512207,113
2017-05-16 12:04:52.000 -07:00,134,-122.974784851074,49.2751998901367,114
2017-05-16 12:06:29.000 -07:00,134,-122.964614868164,49.275951385498,115
2017-05-16 12:08:06.000 -07:00,134,-122.964653015137,49.2785339355469,116
2017-05-16 12:09:11.000 -07:00,134,-122.965782165527,49.2803993225098,117
2017-05-16 12:10:49.000 -07:00,134,-122.97004699707,49.2773513793945,118
2017-05-16 12:11:54.000 -07:00,134,-122.969215393066,49.2751998901367,119
2017-05-16 12:12:59.000 -07:00,134,-122.964599609375,49.2725830078125,120
2017-05-16 12:14:36.000 -07:00,134,-122.964614868164,49.2646331787109,121
2017-05-16 12:16:13.000 -07:00,134,-122.966018676758,49.2617492675781,122
2017-05-16 12:17:50.000 -07:00,134,-122.964614868164,49.2590827941895,123
2017-05-16 12:19:28.000 -07:00,134,-123.001815795898,49.2664337158203,124
2017-05-16 12:20:33.000 -07:00,134,-122.95597076416,49.258617401123,125
2017-05-16 12:21:38.000 -07:00,134,-122.955947875977,49.2591171264648,126
2017-05-16 12:22:11.000 -07:00,134,-123.001815795898,49.2664337158203,127
2017-05-16 12:24:03.000 -07:00,134,-122.935348510742,49.2609176635742,128
2017-05-16 12:25:08.000 -07:00,134,-123.001968383789,49.2664337158203,129
2017-05-16 12:25:40.000 -07:00,134,-122.929046630859,49.2563514709473,130
2017-05-16 12:27:17.000 -07:00,134,-123.001983642578,49.2710342407227,131
2017-05-16 12:27:49.000 -07:00,134,-122.999732971191,49.2703819274902,132
2017-05-16 12:28:54.000 -07:00,134,-122.995979309082,49.2683181762695,133
2017-05-16 12:30:31.000 -07:00,134,-122.992149353027,49.2732009887695,134
2017-05-16 12:31:36.000 -07:00,134,-122.991386413574,49.2755317687988,135
2017-05-16 12:33:14.000 -07:00,134,-122.981117248535,49.2754821777344,136
2017-05-16 12:35:24.000 -07:00,134,-122.974967956543,49.2751998901367,137
2017-05-16 12:38:06.000 -07:00,134,-122.964630126953,49.2781181335449,138
2017-05-16 12:38:38.000 -07:00,134,-122.96565246582,49.2803993225098,139
2017-05-16 12:40:15.000 -07:00,134,-122.97004699707,49.2774848937988,140
2017-05-16 12:41:20.000 -07:00,134,-122.969566345215,49.2751998901367,141
2017-05-16 12:41:53.000 -07:00,134,-122.964614868164,49.2745170593262,142
2017-05-16 12:42:58.000 -07:00,134,-122.964599609375,49.2728004455566,143
2017-05-16 12:44:03.000 -07:00,134,-122.964584350586,49.2673187255859,144
2017-05-16 12:45:08.000 -07:00,134,-122.964614868164,49.2633819580078,145
2017-05-16 12:46:13.000 -07:00,134,-122.966331481934,49.2617835998535,146
2017-05-16 12:48:54.000 -07:00,134,-122.964614868164,49.2584991455078,147
2017-05-16 12:49:26.000 -07:00,134,-123.001846313477,49.2664337158203,148
2017-05-16 12:51:03.000 -07:00,134,-122.964630126953,49.258731842041,149
2017-05-16 12:51:35.000 -07:00,134,-123.001846313477,49.2664337158203,150
2017-05-16 12:52:07.000 -07:00,134,-122.964630126953,49.2586669921875,151
2017-05-16 12:52:39.000 -07:00,134,-123.001846313477,49.2664337158203,152
2017-05-16 12:54:48.000 -07:00,134,-122.955947875977,49.2591514587402,153
2017-05-16 12:55:52.000 -07:00,134,-123.003082275391,49.2673835754395,154
2017-05-16 12:58:01.000 -07:00,134,-122.935836791992,49.2609176635742,155
2017-05-16 12:59:06.000 -07:00,134,-122.999618530273,49.2706184387207,156
2017-05-16 13:00:11.000 -07:00,134,-122.996200561523,49.2683181762695,157
2017-05-16 13:01:16.000 -07:00,134,-122.992149353027,49.2733688354492,158
2017-05-16 13:02:21.000 -07:00,134,-122.991065979004,49.2755317687988,159
2017-05-16 13:03:26.000 -07:00,134,-122.980598449707,49.2754516601563,160
2017-05-16 13:05:03.000 -07:00,134,-122.975036621094,49.2751998901367,161
2017-05-16 13:08:16.000 -07:00,134,-122.965698242188,49.2803993225098,162
2017-05-16 13:10:57.000 -07:00,134,-122.96900177002,49.2751998901367,163
2017-05-16 13:12:02.000 -07:00,134,-122.964584350586,49.2691993713379,164
2017-05-16 13:13:07.000 -07:00,134,-122.964614868164,49.2649841308594,165
2017-05-16 13:15:49.000 -07:00,134,-122.966552734375,49.2617835998535,166
2017-05-16 13:16:54.000 -07:00,134,-122.964614868164,49.2592315673828,167
2017-05-16 13:19:03.000 -07:00,134,-123.001899719238,49.2664337158203,168
2017-05-16 13:21:12.000 -07:00,134,-122.955947875977,49.2592658996582,169
2017-05-16 13:21:44.000 -07:00,134,-123.001899719238,49.2664337158203,170
2017-05-16 13:23:53.000 -07:00,134,-122.935653686523,49.2609176635742,171
2017-05-16 13:26:03.000 -07:00,134,-122.928718566895,49.2563514709473,172
2017-05-16 13:27:08.000 -07:00,134,-123.003082275391,49.2673492431641,173
2017-05-16 13:28:45.000 -07:00,134,-123.001647949219,49.2710342407227,174
2017-05-16 13:30:23.000 -07:00,134,-122.995864868164,49.2683181762695,175
2017-05-16 13:33:05.000 -07:00,134,-122.992164611816,49.2687835693359,176
2017-05-16 13:33:37.000 -07:00,134,-122.992149353027,49.2733688354492,177
2017-05-16 13:35:46.000 -07:00,134,-122.986297607422,49.2755012512207,178
2017-05-16 13:36:52.000 -07:00,134,-122.981018066406,49.2754821777344,179
2017-05-16 13:37:57.000 -07:00,134,-122.973983764648,49.2751998901367,180
2017-05-16 13:40:39.000 -07:00,134,-122.964630126953,49.2783508300781,181
2017-05-16 13:41:44.000 -07:00,134,-122.96533203125,49.2803993225098,182
2017-05-16 13:43:54.000 -07:00,134,-122.970031738281,49.2797508239746,183
2017-05-16 13:47:41.000 -07:00,134,-122.964599609375,49.2726516723633,184
2017-05-16 13:49:19.000 -07:00,134,-122.964584350586,49.269100189209,185
2017-05-16 13:50:56.000 -07:00,134,-122.964614868164,49.2635841369629,186
2017-05-16 13:52:01.000 -07:00,134,-122.966400146484,49.2617835998535,187
2017-05-16 13:54:43.000 -07:00,134,-122.964614868164,49.2588996887207,188
2017-05-16 13:56:20.000 -07:00,134,-122.956115722656,49.258617401123,189
2017-05-16 13:56:52.000 -07:00,134,-122.955947875977,49.2592658996582,190
2017-05-16 13:59:01.000 -07:00,134,-122.94743347168,49.2612342834473,191
2017-05-16 13:59:33.000 -07:00,134,-122.940696716309,49.2608985900879,192
2017-05-16 14:01:42.000 -07:00,134,-122.929214477539,49.2563514709473,193
2017-05-16 11:37:48.000 -07:00,159,-122.883186340332,49.2331161499023,194
2017-05-16 11:49:44.000 -07:00,159,-122.882713317871,49.2334518432617,195
2017-05-16 11:51:21.000 -07:00,159,-122.882469177246,49.2334327697754,196
2017-05-16 11:53:31.000 -07:00,159,-122.873184204102,49.236198425293,197
2017-05-16 11:54:36.000 -07:00,159,-122.866752624512,49.2355155944824,198
2017-05-16 11:56:13.000 -07:00,159,-122.863647460938,49.2347984313965,199
2017-05-16 11:58:22.000 -07:00,159,-122.851318359375,49.2291679382324,200
2017-05-16 12:00:32.000 -07:00,159,-122.842483520508,49.2263679504395,201
2017-05-16 12:01:37.000 -07:00,159,-122.835319519043,49.2287673950195,202
2017-05-16 12:04:52.000 -07:00,159,-122.823997497559,49.2262840270996,203
2017-05-16 12:06:29.000 -07:00,159,-122.824516296387,49.2315673828125,204
2017-05-16 12:07:01.000 -07:00,159,-122.822303771973,49.233268737793,205
2017-05-16 12:08:06.000 -07:00,159,-122.820098876953,49.2333183288574,206
2017-05-16 12:10:49.000 -07:00,159,-122.817481994629,49.2270164489746,207
2017-05-16 12:11:54.000 -07:00,159,-122.795883178711,49.2271842956543,208
2017-05-16 12:14:36.000 -07:00,159,-122.795379638672,49.2279815673828,209
2017-05-16 12:16:13.000 -07:00,159,-122.793899536133,49.2319984436035,210
2017-05-16 12:17:50.000 -07:00,159,-122.786903381348,49.2303314208984,211
2017-05-16 12:19:28.000 -07:00,159,-122.777229309082,49.2360000610352,212
2017-05-16 12:20:33.000 -07:00,159,-122.882736206055,49.2334518432617,213
2017-05-16 12:21:38.000 -07:00,159,-122.773315429688,49.2424812316895,214
2017-05-16 12:22:11.000 -07:00,159,-122.882499694824,49.2334518432617,215
2017-05-16 12:24:03.000 -07:00,159,-122.772483825684,49.2515678405762,216
2017-05-16 12:25:08.000 -07:00,159,-122.864082336426,49.2348175048828,217
2017-05-16 12:25:40.000 -07:00,159,-122.774467468262,49.2536010742188,218
2017-05-16 12:27:17.000 -07:00,159,-122.85863494873,49.2303657531738,219
2017-05-16 12:27:49.000 -07:00,159,-122.778015136719,49.2540321350098,220
2017-05-16 12:28:54.000 -07:00,159,-122.850982666016,49.229118347168,221
2017-05-16 12:30:31.000 -07:00,159,-122.779502868652,49.2608680725098,222
2017-05-16 12:31:36.000 -07:00,159,-122.838996887207,49.2279815673828,223
2017-05-16 12:33:14.000 -07:00,159,-122.780548095703,49.2625846862793,224
2017-05-16 12:34:19.000 -07:00,159,-122.824615478516,49.2262992858887,225
2017-05-16 12:35:24.000 -07:00,159,-122.823333740234,49.2297515869141,226
2017-05-16 12:38:06.000 -07:00,159,-122.819465637207,49.2332496643066,227
2017-05-16 12:38:38.000 -07:00,159,-122.807319641113,49.2264823913574,228
2017-05-16 12:40:15.000 -07:00,159,-122.793601989746,49.2322845458984,229
2017-05-16 12:41:53.000 -07:00,159,-122.790634155273,49.2282981872559,230
2017-05-16 12:42:58.000 -07:00,159,-122.786964416504,49.2301826477051,231
2017-05-16 12:44:03.000 -07:00,159,-122.779052734375,49.2335014343262,232
2017-05-16 12:45:08.000 -07:00,159,-122.777397155762,49.2357330322266,233
2017-05-16 12:46:13.000 -07:00,159,-122.773414611816,49.2393836975098,234
2017-05-16 12:46:45.000 -07:00,159,-122.773597717285,49.2451324462891,235
2017-05-16 12:48:54.000 -07:00,159,-122.772567749023,49.2518005371094,236
2017-05-16 12:49:26.000 -07:00,159,-122.774879455566,49.2537155151367,237
2017-05-16 12:51:03.000 -07:00,159,-122.778579711914,49.2543678283691,238
2017-05-16 12:52:07.000 -07:00,159,-122.778518676758,49.2573661804199,239
2017-05-16 12:54:48.000 -07:00,159,-122.782135009766,49.2609329223633,240
2017-05-16 12:55:52.000 -07:00,159,-122.880081176758,49.2339172363281,241
2017-05-16 12:58:01.000 -07:00,159,-122.866683959961,49.2355003356934,242
2017-05-16 12:59:06.000 -07:00,159,-122.863983154297,49.2348670959473,243
2017-05-16 13:00:11.000 -07:00,159,-122.858703613281,49.2304344177246,244
2017-05-16 13:01:16.000 -07:00,159,-122.85179901123,49.2292175292969,245
2017-05-16 13:02:21.000 -07:00,159,-122.848686218262,49.2283325195313,246
2017-05-16 13:03:26.000 -07:00,159,-122.848236083984,49.2269668579102,247
2017-05-16 13:05:03.000 -07:00,159,-122.840034484863,49.2266311645508,248
2017-05-16 13:05:35.000 -07:00,159,-122.882415771484,49.2330169677734,249
2017-05-16 13:06:07.000 -07:00,159,-122.838897705078,49.2279663085938,250
2017-05-16 13:08:16.000 -07:00,159,-122.824035644531,49.2262840270996,251
2017-05-16 13:08:48.000 -07:00,159,-122.882415771484,49.2330169677734,252
2017-05-16 13:10:57.000 -07:00,159,-122.822250366211,49.233268737793,253
2017-05-16 13:12:02.000 -07:00,159,-122.820129394531,49.2333183288574,254
2017-05-16 13:13:07.000 -07:00,159,-122.882415771484,49.2330169677734,255
2017-05-16 13:15:49.000 -07:00,159,-122.819351196289,49.2283668518066,256
2017-05-16 13:16:54.000 -07:00,159,-122.793563842773,49.2322654724121,257
2017-05-16 13:17:59.000 -07:00,159,-122.789901733398,49.2283515930176,258
2017-05-16 13:18:31.000 -07:00,159,-122.882766723633,49.2334518432617,259
2017-05-16 13:19:03.000 -07:00,159,-122.780532836914,49.2327499389648,260
2017-05-16 13:21:12.000 -07:00,159,-122.775367736816,49.2379684448242,261
2017-05-16 13:21:44.000 -07:00,159,-122.773750305176,49.2391510009766,262
2017-05-16 13:23:53.000 -07:00,159,-122.771835327148,49.2487678527832,263
2017-05-16 13:26:03.000 -07:00,159,-122.772483825684,49.2515487670898,264
2017-05-16 13:27:08.000 -07:00,159,-122.774749755859,49.2536659240723,265
2017-05-16 13:28:13.000 -07:00,159,-122.778579711914,49.2578010559082,266
2017-05-16 13:28:45.000 -07:00,159,-122.859550476074,49.2304840087891,267
2017-05-16 13:29:18.000 -07:00,159,-122.778549194336,49.2603340148926,268
2017-05-16 13:30:23.000 -07:00,159,-122.782020568848,49.2608680725098,269
2017-05-16 13:31:28.000 -07:00,159,-122.848297119141,49.2269668579102,270
2017-05-16 13:32:00.000 -07:00,159,-122.779983520508,49.2623329162598,271
2017-05-16 13:33:05.000 -07:00,159,-122.777534484863,49.2608833312988,272
2017-05-16 13:33:37.000 -07:00,159,-122.838935852051,49.2279663085938,273
2017-05-16 13:35:46.000 -07:00,159,-122.823997497559,49.2262840270996,274
2017-05-16 13:36:52.000 -07:00,159,-122.82080078125,49.2304992675781,275
2017-05-16 13:37:57.000 -07:00,159,-122.82234954834,49.233268737793,276
2017-05-16 13:39:02.000 -07:00,159,-122.819366455078,49.2333335876465,277
2017-05-16 13:40:39.000 -07:00,159,-122.808547973633,49.2260818481445,278
2017-05-16 13:41:44.000 -07:00,159,-122.793731689453,49.2323188781738,279
2017-05-16 13:42:49.000 -07:00,159,-122.789932250977,49.2283515930176,280
2017-05-16 13:43:54.000 -07:00,159,-122.786964416504,49.2302322387695,281
2017-05-16 13:47:41.000 -07:00,159,-122.773551940918,49.2449684143066,282
2017-05-16 13:48:14.000 -07:00,159,-122.771865844727,49.2485656738281,283
2017-05-16 13:49:19.000 -07:00,159,-122.772468566895,49.2515182495117,284
2017-05-16 13:50:56.000 -07:00,159,-122.774002075195,49.2535171508789,285
2017-05-16 13:52:01.000 -07:00,159,-122.774681091309,49.2536506652832,286
2017-05-16 13:53:06.000 -07:00,159,-122.778533935547,49.2543334960938,287
2017-05-16 13:54:43.000 -07:00,159,-122.77978515625,49.2608680725098,288
2017-05-16 13:56:52.000 -07:00,159,-122.780647277832,49.2626152038574,289
2017-05-16 11:53:31.000 -07:00,169,-122.88321685791,49.2330017089844,290
2017-05-16 12:00:32.000 -07:00,169,-122.883186340332,49.2331008911133,291
2017-05-16 12:01:37.000 -07:00,169,-122.87825012207,49.2345314025879,292
2017-05-16 12:02:42.000 -07:00,169,-122.87329864502,49.2361679077148,293
2017-05-16 12:04:52.000 -07:00,169,-122.863616943359,49.2347831726074,294
2017-05-16 12:06:29.000 -07:00,169,-122.851348876953,49.2322654724121,295
2017-05-16 12:09:11.000 -07:00,169,-122.826736450195,49.2337989807129,296
2017-05-16 12:10:49.000 -07:00,169,-122.807113647461,49.243350982666,297
2017-05-16 12:12:59.000 -07:00,169,-122.798881530762,49.2566986083984,298
2017-05-16 12:14:36.000 -07:00,169,-122.798217773438,49.2639846801758,299
2017-05-16 12:16:13.000 -07:00,169,-122.802314758301,49.2715187072754,300
2017-05-16 12:21:38.000 -07:00,169,-122.88321685791,49.2330017089844,301
2017-05-16 12:28:54.000 -07:00,169,-122.883186340332,49.2331161499023,302
2017-05-16 12:30:31.000 -07:00,169,-122.880500793457,49.2338180541992,303
2017-05-16 12:33:14.000 -07:00,169,-122.873153686523,49.2362174987793,304
2017-05-16 12:34:19.000 -07:00,169,-122.863784790039,49.2348175048828,305
2017-05-16 12:38:06.000 -07:00,169,-122.851432800293,49.2322845458984,306
2017-05-16 12:40:15.000 -07:00,169,-122.827331542969,49.2335662841797,307
2017-05-16 12:41:20.000 -07:00,169,-122.805618286133,49.2444686889648,308
2017-05-16 12:44:03.000 -07:00,169,-122.79810333252,49.2591819763184,309
2017-05-16 12:45:08.000 -07:00,169,-122.798233032227,49.2640342712402,310
2017-05-16 12:46:13.000 -07:00,169,-122.80069732666,49.2702674865723,311
2017-05-16 12:46:45.000 -07:00,169,-122.802314758301,49.2715187072754,312
2017-05-16 12:54:48.000 -07:00,169,-122.883201599121,49.2330017089844,313
2017-05-16 12:59:06.000 -07:00,169,-122.883163452148,49.2331314086914,314
2017-05-16 13:01:16.000 -07:00,169,-122.880981445313,49.2336654663086,315
2017-05-16 13:02:21.000 -07:00,169,-122.873001098633,49.2362518310547,316
2017-05-16 13:03:26.000 -07:00,169,-122.867233276367,49.2356185913086,317
2017-05-16 13:05:03.000 -07:00,169,-122.860130310059,49.2340660095215,318
2017-05-16 13:06:07.000 -07:00,169,-122.851448059082,49.2322845458984,319
2017-05-16 13:08:16.000 -07:00,169,-122.827217102051,49.2336006164551,320
2017-05-16 13:10:57.000 -07:00,169,-122.804664611816,49.2452163696289,321
2017-05-16 13:12:02.000 -07:00,169,-122.797897338867,49.2591018676758,322
2017-05-16 13:13:07.000 -07:00,169,-122.798385620117,49.2642822265625,323
2017-05-16 13:15:49.000 -07:00,169,-122.80233001709,49.2715492248535,324
2017-05-16 13:17:59.000 -07:00,169,-122.797431945801,49.2762184143066,325
2017-05-16 13:26:03.000 -07:00,169,-122.883201599121,49.2330169677734,326
2017-05-16 13:28:45.000 -07:00,169,-122.883163452148,49.2331504821777,327
2017-05-16 13:31:28.000 -07:00,169,-122.881286621094,49.2335014343262,328
2017-05-16 13:32:00.000 -07:00,169,-122.873069763184,49.2362327575684,329
2017-05-16 13:33:37.000 -07:00,169,-122.86351776123,49.2347679138184,330
2017-05-16 13:35:46.000 -07:00,169,-122.8603515625,49.2341156005859,331
2017-05-16 13:36:52.000 -07:00,169,-122.851516723633,49.2322998046875,332
2017-05-16 13:39:02.000 -07:00,169,-122.827880859375,49.2333183288574,333
2017-05-16 13:40:39.000 -07:00,169,-122.805252075195,49.2447319030762,334
2017-05-16 13:42:49.000 -07:00,169,-122.797866821289,49.2620658874512,335
2017-05-16 13:47:41.000 -07:00,169,-122.797920227051,49.2763481140137,336
2017-05-16 11:20:30.000 -07:00,183,-122.845802307129,49.2778511047363,337
2017-05-16 11:32:23.000 -07:00,183,-122.846084594727,49.2778663635254,338
2017-05-16 11:32:55.000 -07:00,183,-122.843315124512,49.2766342163086,339
2017-05-16 11:34:00.000 -07:00,183,-122.829833984375,49.2764511108398,340
2017-05-16 11:35:05.000 -07:00,183,-122.82723236084,49.2796821594238,341
2017-05-16 11:36:43.000 -07:00,183,-122.828666687012,49.2848167419434,342
2017-05-16 11:37:48.000 -07:00,183,-122.835029602051,49.2919158935547,343
2017-05-16 11:38:53.000 -07:00,183,-122.843002319336,49.2960014343262,344
2017-05-16 11:41:04.000 -07:00,183,-122.839584350586,49.2970314025879,345
2017-05-16 11:44:20.000 -07:00,183,-122.829467773438,49.302116394043,346
2017-05-16 11:45:57.000 -07:00,183,-122.818130493164,49.2983818054199,347
2017-05-16 11:46:29.000 -07:00,183,-122.814651489258,49.2974510192871,348
2017-05-16 11:49:11.000 -07:00,183,-122.803268432617,49.2990188598633,349
2017-05-16 11:50:16.000 -07:00,183,-122.794563293457,49.300968170166,350
2017-05-16 11:51:21.000 -07:00,183,-122.788803100586,49.2998161315918,351
2017-05-16 11:52:26.000 -07:00,183,-122.788833618164,49.2979507446289,352
2017-05-16 11:53:31.000 -07:00,183,-122.789886474609,49.2903327941895,353
2017-05-16 11:54:36.000 -07:00,183,-122.791679382324,49.2863159179688,354
2017-05-16 11:56:13.000 -07:00,183,-122.793266296387,49.2820320129395,355
2017-05-16 11:56:45.000 -07:00,183,-122.79418182373,49.2797660827637,356
2017-05-16 12:00:32.000 -07:00,183,-122.845779418945,49.2776985168457,357
2017-05-16 12:02:42.000 -07:00,183,-122.847869873047,49.2768325805664,358
2017-05-16 12:04:52.000 -07:00,183,-122.833236694336,49.2766494750977,359
2017-05-16 12:06:29.000 -07:00,183,-122.830131530762,49.2763671875,360
2017-05-16 12:08:06.000 -07:00,183,-122.827217102051,49.2781982421875,361
2017-05-16 12:09:11.000 -07:00,183,-122.82706451416,49.2797813415527,362
2017-05-16 12:10:49.000 -07:00,183,-122.828819274902,49.284984588623,363
2017-05-16 12:11:54.000 -07:00,183,-122.837951660156,49.292781829834,364
2017-05-16 12:12:59.000 -07:00,183,-122.842651367188,49.2956657409668,365
2017-05-16 12:16:13.000 -07:00,183,-122.83260345459,49.2986183166504,366
2017-05-16 12:17:50.000 -07:00,183,-122.833198547363,49.303150177002,367
2017-05-16 12:19:28.000 -07:00,183,-122.845848083496,49.2777671813965,368
2017-05-16 12:20:33.000 -07:00,183,-122.822334289551,49.3010673522949,369
2017-05-16 12:21:38.000 -07:00,183,-122.845848083496,49.2777671813965,370
2017-05-16 12:22:11.000 -07:00,183,-122.818229675293,49.2984657287598,371
2017-05-16 12:24:03.000 -07:00,183,-122.845848083496,49.2777671813965,372
2017-05-16 12:25:08.000 -07:00,183,-122.803436279297,49.2989654541016,373
2017-05-16 12:25:40.000 -07:00,183,-122.845848083496,49.2777671813965,374
2017-05-16 12:27:17.000 -07:00,183,-122.79451751709,49.300968170166,375
2017-05-16 12:27:49.000 -07:00,183,-122.845848083496,49.2777671813965,376
2017-05-16 12:28:54.000 -07:00,183,-122.789398193359,49.3000335693359,377
2017-05-16 12:30:31.000 -07:00,183,-122.845848083496,49.2777671813965,378
2017-05-16 12:31:36.000 -07:00,183,-122.790565490723,49.2883682250977,379
2017-05-16 12:33:14.000 -07:00,183,-122.844367980957,49.2765846252441,380
2017-05-16 12:34:19.000 -07:00,183,-122.793281555176,49.2819175720215,381
2017-05-16 12:35:24.000 -07:00,183,-122.830146789551,49.2763671875,382
2017-05-16 12:38:06.000 -07:00,183,-122.828033447266,49.2829513549805,383
2017-05-16 12:38:38.000 -07:00,183,-122.82886505127,49.285083770752,384
2017-05-16 12:40:15.000 -07:00,183,-122.837753295898,49.2928161621094,385
2017-05-16 12:41:20.000 -07:00,183,-122.843002319336,49.2959327697754,386
2017-05-16 12:41:53.000 -07:00,183,-122.839683532715,49.2969818115234,387
2017-05-16 12:44:03.000 -07:00,183,-122.833450317383,49.3008995056152,388
2017-05-16 12:45:08.000 -07:00,183,-122.829986572266,49.3036346435547,389
2017-05-16 12:46:13.000 -07:00,183,-122.845817565918,49.2776985168457,390
2017-05-16 12:46:45.000 -07:00,183,-122.82234954834,49.3010482788086,391
2017-05-16 12:48:54.000 -07:00,183,-122.845817565918,49.2776985168457,392
2017-05-16 12:49:26.000 -07:00,183,-122.814682006836,49.2974166870117,393
2017-05-16 12:51:03.000 -07:00,183,-122.845817565918,49.2776985168457,394
2017-05-16 12:51:35.000 -07:00,183,-122.813148498535,49.2974166870117,395
2017-05-16 12:52:07.000 -07:00,183,-122.845817565918,49.2776985168457,396
2017-05-16 12:52:39.000 -07:00,183,-122.812934875488,49.2974319458008,397
2017-05-16 12:54:48.000 -07:00,183,-122.845817565918,49.2776985168457,398
2017-05-16 12:55:52.000 -07:00,183,-122.795936584473,49.3008995056152,399
2017-05-16 12:58:01.000 -07:00,183,-122.845817565918,49.2776985168457,400
2017-05-16 12:59:06.000 -07:00,183,-122.789985656738,49.2917175292969,401
2017-05-16 13:00:11.000 -07:00,183,-122.845817565918,49.2776985168457,402
2017-05-16 13:01:16.000 -07:00,183,-122.79322052002,49.2836494445801,403
2017-05-16 13:02:21.000 -07:00,183,-122.846069335938,49.2776985168457,404
2017-05-16 13:03:26.000 -07:00,183,-122.79418182373,49.279899597168,405
2017-05-16 13:05:03.000 -07:00,183,-122.83031463623,49.2763824462891,406
2017-05-16 13:08:16.000 -07:00,183,-122.828033447266,49.283016204834,407
2017-05-16 13:08:48.000 -07:00,183,-122.82886505127,49.2850685119629,408
2017-05-16 13:10:57.000 -07:00,183,-122.837882995605,49.2927665710449,409
2017-05-16 13:12:02.000 -07:00,183,-122.843086242676,49.2960662841797,410
2017-05-16 13:13:07.000 -07:00,183,-122.838996887207,49.2968330383301,411
2017-05-16 13:15:49.000 -07:00,183,-122.833183288574,49.303165435791,412
2017-05-16 13:16:54.000 -07:00,183,-122.845367431641,49.2776336669922,413
2017-05-16 13:17:59.000 -07:00,183,-122.822319030762,49.3010673522949,414
2017-05-16 13:18:31.000 -07:00,183,-122.845367431641,49.2776336669922,415
2017-05-16 13:19:03.000 -07:00,183,-122.819679260254,49.2995834350586,416
2017-05-16 13:21:12.000 -07:00,183,-122.845367431641,49.2776336669922,417
2017-05-16 13:21:44.000 -07:00,183,-122.812530517578,49.2974815368652,418
2017-05-16 13:23:53.000 -07:00,183,-122.845367431641,49.2776336669922,419
2017-05-16 13:26:03.000 -07:00,183,-122.788314819336,49.2982177734375,420
2017-05-16 13:27:08.000 -07:00,183,-122.845367431641,49.2776336669922,421
2017-05-16 13:28:13.000 -07:00,183,-122.789886474609,49.2905654907227,422
2017-05-16 13:28:45.000 -07:00,183,-122.845367431641,49.2776336669922,423
2017-05-16 13:29:18.000 -07:00,183,-122.790565490723,49.2883682250977,424
2017-05-16 13:30:23.000 -07:00,183,-122.846199035645,49.2776985168457,425
2017-05-16 13:31:28.000 -07:00,183,-122.793281555176,49.2817687988281,426
2017-05-16 13:32:00.000 -07:00,183,-122.843734741211,49.2766342163086,427
2017-05-16 13:33:05.000 -07:00,183,-122.794120788574,49.2798347473145,428
2017-05-16 13:33:37.000 -07:00,183,-122.830032348633,49.2763481140137,429
2017-05-16 13:35:46.000 -07:00,183,-122.82706451416,49.2799491882324,430
2017-05-16 13:36:52.000 -07:00,183,-122.828033447266,49.283016204834,431
2017-05-16 13:37:57.000 -07:00,183,-122.82893371582,49.2851333618164,432
2017-05-16 13:39:02.000 -07:00,183,-122.837753295898,49.2927169799805,433
2017-05-16 13:40:39.000 -07:00,183,-122.842903137207,49.2958984375,434
2017-05-16 13:41:44.000 -07:00,183,-122.839630126953,49.2970504760742,435
2017-05-16 13:42:49.000 -07:00,183,-122.833503723145,49.3009338378906,436
2017-05-16 13:43:54.000 -07:00,183,-122.829933166504,49.3036003112793,437
2017-05-16 13:47:41.000 -07:00,183,-122.813163757324,49.2974662780762,438
2017-05-16 13:50:56.000 -07:00,183,-122.808868408203,49.2975654602051,439
2017-05-16 13:52:01.000 -07:00,183,-122.803970336914,49.2988014221191,440
2017-05-16 13:53:06.000 -07:00,183,-122.794830322266,49.300968170166,441
2017-05-16 13:54:43.000 -07:00,183,-122.788551330566,49.2981185913086,442
2017-05-16 13:56:20.000 -07:00,183,-122.790550231934,49.2933158874512,443
2017-05-16 13:56:52.000 -07:00,183,-122.790000915527,49.2919311523438,444
2017-05-16 13:59:01.000 -07:00,183,-122.791679382324,49.2863006591797,445
2017-05-16 13:59:33.000 -07:00,183,-122.79313659668,49.2836685180664,446
2017-05-16 14:01:42.000 -07:00,183,-122.794013977051,49.2799491882324,447
2017-05-16 14:02:47.000 -07:00,183,-122.79761505127,49.2760162353516,448
2017-05-16 11:38:53.000 -07:00,212,-123.028579711914,49.305118560791,449
2017-05-16 11:41:04.000 -07:00,212,-123.0283203125,49.3054008483887,450
2017-05-16 11:45:57.000 -07:00,212,-123.028633117676,49.3057518005371,451
2017-05-16 11:49:11.000 -07:00,212,-123.028465270996,49.305549621582,452
2017-05-16 11:50:16.000 -07:00,212,-123.029479980469,49.3047981262207,453
2017-05-16 11:52:26.000 -07:00,212,-123.017951965332,49.3053016662598,454
2017-05-16 11:53:31.000 -07:00,212,-123.010200500488,49.3063163757324,455
2017-05-16 11:54:36.000 -07:00,212,-123.001014709473,49.3081817626953,456
2017-05-16 11:56:13.000 -07:00,212,-122.986351013184,49.3086166381836,457
2017-05-16 11:56:45.000 -07:00,212,-122.978446960449,49.3074989318848,458
2017-05-16 11:57:17.000 -07:00,212,-122.972465515137,49.3047332763672,459
2017-05-16 11:58:22.000 -07:00,212,-122.957649230957,49.304084777832,460
2017-05-16 12:00:32.000 -07:00,212,-122.953567504883,49.316032409668,461
2017-05-16 12:01:37.000 -07:00,212,-122.95352935791,49.3236656188965,462
2017-05-16 12:10:49.000 -07:00,212,-123.028633117676,49.3057518005371,463
2017-05-16 12:19:28.000 -07:00,212,-123.028434753418,49.3055152893066,464
2017-05-16 12:21:38.000 -07:00,212,-123.017379760742,49.3051986694336,465
2017-05-16 12:22:11.000 -07:00,212,-123.012802124023,49.3056983947754,466
2017-05-16 12:24:03.000 -07:00,212,-122.992485046387,49.3087844848633,467
2017-05-16 12:25:08.000 -07:00,212,-122.986618041992,49.3086013793945,468
2017-05-16 12:25:40.000 -07:00,212,-122.978530883789,49.3075180053711,469
2017-05-16 12:27:17.000 -07:00,212,-122.973197937012,49.3050842285156,470
2017-05-16 12:27:49.000 -07:00,212,-122.966430664063,49.3041343688965,471
2017-05-16 12:28:54.000 -07:00,212,-122.957916259766,49.304084777832,472
2017-05-16 12:30:31.000 -07:00,212,-122.953514099121,49.3155326843262,473
2017-05-16 12:31:36.000 -07:00,212,-122.953567504883,49.3213500976563,474
2017-05-16 12:33:14.000 -07:00,212,-122.952964782715,49.3255653381348,475
2017-05-16 12:42:58.000 -07:00,212,-123.028648376465,49.3057670593262,476
2017-05-16 12:48:54.000 -07:00,212,-123.028465270996,49.3055686950684,477
2017-05-16 12:51:03.000 -07:00,212,-123.029502868652,49.3050346374512,478
2017-05-16 12:52:07.000 -07:00,212,-123.01798248291,49.3053016662598,479
2017-05-16 12:52:39.000 -07:00,212,-123.01309967041,49.3056678771973,480
2017-05-16 12:54:48.000 -07:00,212,-122.986381530762,49.3086166381836,481
2017-05-16 12:55:52.000 -07:00,212,-122.978370666504,49.3074836730957,482
2017-05-16 12:58:01.000 -07:00,212,-122.957931518555,49.304084777832,483
2017-05-16 12:59:06.000 -07:00,212,-122.953033447266,49.3087348937988,484
2017-05-16 13:00:11.000 -07:00,212,-122.953567504883,49.3159675598145,485
2017-05-16 13:02:21.000 -07:00,212,-122.95352935791,49.323616027832,486
2017-05-16 13:03:26.000 -07:00,212,-122.953018188477,49.3255004882813,487
2017-05-16 13:10:57.000 -07:00,212,-123.028648376465,49.3057823181152,488
2017-05-16 13:12:02.000 -07:00,212,-122.953018188477,49.3255004882813,489
2017-05-16 13:13:07.000 -07:00,212,-123.028648376465,49.3057823181152,490
2017-05-16 13:15:49.000 -07:00,212,-122.953018188477,49.3255004882813,491
2017-05-16 13:16:54.000 -07:00,212,-123.028648376465,49.3057823181152,492
2017-05-16 13:17:59.000 -07:00,212,-122.953018188477,49.3255004882813,493
2017-05-16 13:18:31.000 -07:00,212,-123.028419494629,49.3055152893066,494
2017-05-16 13:19:03.000 -07:00,212,-122.953018188477,49.3255004882813,495
2017-05-16 13:21:12.000 -07:00,212,-122.950614929199,49.3261833190918,496
2017-05-16 13:21:44.000 -07:00,212,-123.01789855957,49.3052825927734,497
2017-05-16 13:23:53.000 -07:00,212,-123.010215759277,49.3063011169434,498
2017-05-16 13:26:03.000 -07:00,212,-122.986503601074,49.3086013793945,499
2017-05-16 13:27:08.000 -07:00,212,-122.978630065918,49.3075485229492,500
2017-05-16 13:28:13.000 -07:00,212,-122.965881347656,49.3041343688965,501
2017-05-16 13:28:45.000 -07:00,212,-122.957679748535,49.304084777832,502
2017-05-16 13:30:23.000 -07:00,212,-122.953117370605,49.3121490478516,503
2017-05-16 13:31:28.000 -07:00,212,-122.953514099121,49.3155517578125,504
2017-05-16 13:33:05.000 -07:00,212,-122.953552246094,49.3233489990234,505
2017-05-16 13:33:37.000 -07:00,212,-122.952880859375,49.3256492614746,506
2017-05-16 11:02:08.000 -07:00,321,-122.802230834961,49.0275840759277,507
2017-05-16 11:09:09.000 -07:00,321,-122.807929992676,49.0276184082031,508
2017-05-16 11:10:14.000 -07:00,321,-122.802001953125,49.0275840759277,509
2017-05-16 11:11:51.000 -07:00,321,-122.801116943359,49.0325660705566,510
2017-05-16 11:12:23.000 -07:00,321,-122.802001953125,49.0275840759277,511
2017-05-16 11:13:28.000 -07:00,321,-122.801116943359,49.0372314453125,512
2017-05-16 11:14:33.000 -07:00,321,-122.802001953125,49.0275840759277,513
2017-05-16 11:15:06.000 -07:00,321,-122.801200866699,49.0423011779785,514
2017-05-16 11:16:11.000 -07:00,321,-122.802001953125,49.0275840759277,515
2017-05-16 11:17:16.000 -07:00,321,-122.801170349121,49.0497512817383,516
2017-05-16 11:18:21.000 -07:00,321,-122.802001953125,49.0275840759277,517
2017-05-16 11:19:58.000 -07:00,321,-122.818435668945,49.0656661987305,518
2017-05-16 11:20:30.000 -07:00,321,-122.802001953125,49.0275840759277,519
2017-05-16 11:21:35.000 -07:00,321,-122.822265625,49.0716819763184,520
2017-05-16 11:22:07.000 -07:00,321,-122.802001953125,49.0275840759277,521
2017-05-16 11:22:39.000 -07:00,321,-122.822479248047,49.0722999572754,522
2017-05-16 11:24:49.000 -07:00,321,-122.81217956543,49.0291175842285,523
2017-05-16 11:25:54.000 -07:00,321,-122.802268981934,49.0275840759277,524
2017-05-16 11:26:59.000 -07:00,321,-122.805786132813,49.0310668945313,525
2017-05-16 11:28:04.000 -07:00,321,-122.802268981934,49.0275840759277,526
2017-05-16 11:29:09.000 -07:00,321,-122.801116943359,49.035701751709,527
2017-05-16 11:30:14.000 -07:00,321,-122.802268981934,49.0275840759277,528
2017-05-16 11:30:46.000 -07:00,321,-122.80118560791,49.0388488769531,529
2017-05-16 11:32:23.000 -07:00,321,-122.802268981934,49.0275840759277,530
2017-05-16 11:32:55.000 -07:00,321,-122.801200866699,49.0462341308594,531
2017-05-16 11:34:00.000 -07:00,321,-122.802268981934,49.0275840759277,532
2017-05-16 11:35:05.000 -07:00,321,-122.806617736816,49.0561180114746,533
2017-05-16 11:36:43.000 -07:00,321,-122.802352905273,49.0275840759277,534
2017-05-16 11:37:48.000 -07:00,321,-122.822265625,49.0716819763184,535
2017-05-16 11:38:53.000 -07:00,321,-122.802581787109,49.0275993347168,536
2017-05-16 11:39:26.000 -07:00,321,-122.821418762207,49.0789680480957,537
2017-05-16 11:39:58.000 -07:00,321,-122.808067321777,49.0276184082031,538
2017-05-16 11:41:04.000 -07:00,321,-122.817863464355,49.0949325561523,539
2017-05-16 11:44:20.000 -07:00,321,-122.801116943359,49.0356674194336,540
2017-05-16 11:45:57.000 -07:00,321,-122.840896606445,49.1124496459961,541
2017-05-16 11:46:29.000 -07:00,321,-122.80118560791,49.0392837524414,542
2017-05-16 11:49:11.000 -07:00,321,-122.845397949219,49.1198997497559,543
2017-05-16 11:49:44.000 -07:00,321,-122.801170349121,49.0494651794434,544
2017-05-16 11:50:16.000 -07:00,321,-122.845397949219,49.1223831176758,545
2017-05-16 11:51:21.000 -07:00,321,-122.806686401367,49.0561828613281,546
2017-05-16 11:52:26.000 -07:00,321,-122.839416503906,49.1278495788574,547
2017-05-16 11:53:31.000 -07:00,321,-122.813598632813,49.0618171691895,548
2017-05-16 11:54:36.000 -07:00,321,-122.83854675293,49.1321678161621,549
2017-05-16 11:56:13.000 -07:00,321,-122.822547912598,49.0721015930176,550
2017-05-16 11:56:45.000 -07:00,321,-122.839385986328,49.133617401123,551
2017-05-16 11:57:17.000 -07:00,321,-122.82250213623,49.0722312927246,552
2017-05-16 11:58:22.000 -07:00,321,-122.84220123291,49.1332511901855,553
2017-05-16 11:58:54.000 -07:00,321,-122.820182800293,49.0830154418945,554
2017-05-16 12:00:32.000 -07:00,321,-122.845520019531,49.1391983032227,555
2017-05-16 12:01:37.000 -07:00,321,-122.830932617188,49.1043663024902,556
2017-05-16 12:02:42.000 -07:00,321,-122.845550537109,49.1440315246582,557
2017-05-16 12:04:52.000 -07:00,321,-122.844802856445,49.116268157959,558
2017-05-16 12:06:29.000 -07:00,321,-122.845718383789,49.1675186157227,559
2017-05-16 12:07:01.000 -07:00,321,-122.845397949219,49.1198501586914,560
2017-05-16 12:08:06.000 -07:00,321,-122.845733642578,49.1710662841797,561
2017-05-16 12:09:11.000 -07:00,321,-122.844047546387,49.1261825561523,562
2017-05-16 12:10:49.000 -07:00,321,-122.84553527832,49.1778182983398,563
2017-05-16 12:11:54.000 -07:00,321,-122.841369628906,49.1265182495117,564
2017-05-16 12:12:59.000 -07:00,321,-122.84538269043,49.1827507019043,565
2017-05-16 12:14:36.000 -07:00,321,-122.841217041016,49.1265983581543,566
2017-05-16 12:16:13.000 -07:00,321,-122.802070617676,49.0275840759277,567
2017-05-16 12:17:50.000 -07:00,321,-122.839813232422,49.133617401123,568
2017-05-16 12:19:28.000 -07:00,321,-122.802070617676,49.0275840759277,569
2017-05-16 12:20:33.000 -07:00,321,-122.84220123291,49.1332511901855,570
2017-05-16 12:21:38.000 -07:00,321,-122.84538269043,49.1188163757324,571
2017-05-16 12:22:11.000 -07:00,321,-122.845481872559,49.1343994140625,572
2017-05-16 12:24:03.000 -07:00,321,-122.845397949219,49.1222839355469,573
2017-05-16 12:25:08.000 -07:00,321,-122.845550537109,49.1439666748047,574
2017-05-16 12:25:40.000 -07:00,321,-122.80241394043,49.0275993347168,575
2017-05-16 12:27:17.000 -07:00,321,-122.84561920166,49.1537170410156,576
2017-05-16 12:27:49.000 -07:00,321,-122.841651916504,49.1263656616211,577
2017-05-16 12:28:54.000 -07:00,321,-122.845664978027,49.1599311828613,578
2017-05-16 12:30:31.000 -07:00,321,-122.838500976563,49.130298614502,579
2017-05-16 12:31:36.000 -07:00,321,-122.845718383789,49.1672515869141,580
2017-05-16 12:33:14.000 -07:00,321,-122.80110168457,49.0371017456055,581
2017-05-16 12:34:19.000 -07:00,321,-122.845680236816,49.1753158569336,582
2017-05-16 12:35:24.000 -07:00,321,-122.80249786377,49.0275993347168,583
2017-05-16 12:38:06.000 -07:00,321,-122.845314025879,49.1875,584
2017-05-16 12:38:38.000 -07:00,321,-122.80249786377,49.0275993347168,585
2017-05-16 12:40:15.000 -07:00,321,-122.821800231934,49.0685348510742,586
2017-05-16 12:41:20.000 -07:00,321,-122.807632446289,49.0276184082031,587
2017-05-16 12:41:53.000 -07:00,321,-122.82250213623,49.0722503662109,588
2017-05-16 12:42:58.000 -07:00,321,-122.812217712402,49.0300674438477,589
2017-05-16 12:44:03.000 -07:00,321,-122.802452087402,49.0275993347168,590
2017-05-16 12:45:08.000 -07:00,321,-122.80606842041,49.0311317443848,591
2017-05-16 12:46:13.000 -07:00,321,-122.802452087402,49.0275993347168,592
2017-05-16 12:46:45.000 -07:00,321,-122.801116943359,49.0326499938965,593
2017-05-16 12:48:54.000 -07:00,321,-122.802452087402,49.0275993347168,594
2017-05-16 12:49:26.000 -07:00,321,-122.801200866699,49.0420341491699,595
2017-05-16 12:51:03.000 -07:00,321,-122.802452087402,49.0275993347168,596
2017-05-16 12:51:35.000 -07:00,321,-122.801170349121,49.049732208252,597
2017-05-16 12:52:07.000 -07:00,321,-122.802253723145,49.0275840759277,598
2017-05-16 12:52:39.000 -07:00,321,-122.802932739258,49.0531997680664,599
2017-05-16 12:54:48.000 -07:00,321,-122.802253723145,49.0275840759277,600
2017-05-16 12:55:52.000 -07:00,321,-122.818016052246,49.065299987793,601
2017-05-16 12:58:01.000 -07:00,321,-122.802253723145,49.0275840759277,602
2017-05-16 12:59:06.000 -07:00,321,-122.820213317871,49.0829315185547,603
2017-05-16 13:00:11.000 -07:00,321,-122.802253723145,49.0275840759277,604
2017-05-16 13:01:16.000 -07:00,321,-122.833114624023,49.1061172485352,605
2017-05-16 13:02:21.000 -07:00,321,-122.802383422852,49.0275840759277,606
2017-05-16 13:03:26.000 -07:00,321,-122.840850830078,49.1124153137207,607
2017-05-16 13:05:03.000 -07:00,321,-122.802383422852,49.0275840759277,608
2017-05-16 13:05:35.000 -07:00,321,-122.844650268555,49.1159820556641,609
2017-05-16 13:06:07.000 -07:00,321,-122.802383422852,49.0275840759277,610
2017-05-16 13:08:16.000 -07:00,321,-122.84391784668,49.1261825561523,611
2017-05-16 13:08:48.000 -07:00,321,-122.802383422852,49.0275840759277,612
2017-05-16 13:10:57.000 -07:00,321,-122.839447021484,49.127815246582,613
2017-05-16 13:12:02.000 -07:00,321,-122.808235168457,49.0276184082031,614
2017-05-16 13:13:07.000 -07:00,321,-122.802169799805,49.0275840759277,615
2017-05-16 13:15:49.000 -07:00,321,-122.805618286133,49.0310668945313,616
2017-05-16 13:16:54.000 -07:00,321,-122.802169799805,49.0275840759277,617
2017-05-16 13:17:59.000 -07:00,321,-122.817848205566,49.0947685241699,618
2017-05-16 13:18:31.000 -07:00,321,-122.802169799805,49.0275840759277,619
2017-05-16 13:19:03.000 -07:00,321,-122.83243560791,49.1055679321289,620
2017-05-16 13:21:12.000 -07:00,321,-122.802169799805,49.0275840759277,621
2017-05-16 13:21:44.000 -07:00,321,-122.840797424316,49.1123847961426,622
2017-05-16 13:23:53.000 -07:00,321,-122.802169799805,49.0275840759277,623
2017-05-16 13:26:03.000 -07:00,321,-122.845397949219,49.1223182678223,624
2017-05-16 13:27:08.000 -07:00,321,-122.805053710938,49.0275993347168,625
2017-05-16 13:28:13.000 -07:00,321,-122.822479248047,49.072265625,626
2017-05-16 13:28:45.000 -07:00,321,-122.81217956543,49.0292816162109,627
2017-05-16 13:29:18.000 -07:00,321,-122.839881896973,49.133617401123,628
2017-05-16 13:30:23.000 -07:00,321,-122.808967590332,49.0311317443848,629
2017-05-16 13:31:28.000 -07:00,321,-122.842002868652,49.1332511901855,630
2017-05-16 13:32:00.000 -07:00,321,-122.801116943359,49.032600402832,631
2017-05-16 13:33:05.000 -07:00,321,-122.836730957031,49.1090660095215,632
2017-05-16 13:33:37.000 -07:00,321,-122.80110168457,49.0370178222656,633
2017-05-16 13:35:46.000 -07:00,321,-122.845367431641,49.1185493469238,634
2017-05-16 13:36:18.000 -07:00,321,-122.801200866699,49.0421180725098,635
2017-05-16 13:36:52.000 -07:00,321,-122.845397949219,49.1223678588867,636
2017-05-16 13:37:57.000 -07:00,321,-122.802864074707,49.053150177002,637
2017-05-16 13:39:02.000 -07:00,321,-122.839233398438,49.1280517578125,638
2017-05-16 13:40:39.000 -07:00,321,-122.818496704102,49.0657157897949,639
2017-05-16 13:41:44.000 -07:00,321,-122.845634460449,49.1565322875977,640
2017-05-16 13:42:49.000 -07:00,321,-122.82251739502,49.0722007751465,641
2017-05-16 13:43:54.000 -07:00,321,-122.845718383789,49.1677665710449,642
2017-05-16 13:47:41.000 -07:00,321,-122.832420349121,49.1055679321289,643
2017-05-16 13:48:14.000 -07:00,321,-122.84553527832,49.1778182983398,644
2017-05-16 13:49:19.000 -07:00,321,-122.836463928223,49.1088485717773,645
2017-05-16 13:50:56.000 -07:00,321,-122.845634460449,49.1564674377441,646
2017-05-16 13:52:01.000 -07:00,321,-122.844650268555,49.1159820556641,647
2017-05-16 13:53:06.000 -07:00,321,-122.847732543945,49.1879653930664,648
2017-05-16 13:54:43.000 -07:00,321,-122.844169616699,49.1261825561523,649
2017-05-16 13:56:20.000 -07:00,321,-122.84553527832,49.1777153015137,650
2017-05-16 13:56:52.000 -07:00,321,-122.838531494141,49.1321182250977,651
2017-05-16 13:59:01.000 -07:00,321,-122.839668273926,49.133617401123,652
2017-05-16 13:59:33.000 -07:00,321,-122.842002868652,49.1332511901855,653
2017-05-16 14:02:47.000 -07:00,321,-122.84546661377,49.1342010498047,654
2017-05-16 14:04:57.000 -07:00,321,-122.845520019531,49.1390495300293,655
2017-05-16 14:06:35.000 -07:00,321,-122.845550537109,49.1438331604004,656
2017-05-16 14:08:12.000 -07:00,321,-122.84561920166,49.1535987854004,657
2017-05-16 14:08:44.000 -07:00,321,-122.845634460449,49.1565322875977,658
2017-05-16 14:10:21.000 -07:00,321,-122.845680236816,49.163501739502,659
2017-05-16 14:12:30.000 -07:00,321,-122.845733642578,49.1729507446289,660
2017-05-16 14:13:35.000 -07:00,321,-122.845680236816,49.175365447998,661
2017-05-16 14:14:40.000 -07:00,321,-122.845413208008,49.1813659667969,662
2017-05-16 14:16:18.000 -07:00,321,-122.84538269043,49.1826515197754,663
2017-05-16 11:24:49.000 -07:00,364,-122.887886047363,49.1377983093262,664
2017-05-16 11:34:00.000 -07:00,364,-122.887969970703,49.137767791748,665
2017-05-16 11:36:43.000 -07:00,364,-122.890434265137,49.1328811645508,666
2017-05-16 11:37:48.000 -07:00,364,-122.890449523926,49.1292495727539,667
2017-05-16 11:39:58.000 -07:00,364,-122.889167785645,49.1192665100098,668
2017-05-16 11:41:04.000 -07:00,364,-122.883880615234,49.1192169189453,669
2017-05-16 11:44:20.000 -07:00,364,-122.860717773438,49.1189651489258,670
2017-05-16 11:49:11.000 -07:00,364,-122.828063964844,49.119068145752,671
2017-05-16 11:50:16.000 -07:00,364,-122.822547912598,49.119083404541,672
2017-05-16 11:51:21.000 -07:00,364,-122.888282775879,49.1376152038574,673
2017-05-16 11:52:26.000 -07:00,364,-122.811447143555,49.119083404541,674
2017-05-16 11:53:31.000 -07:00,364,-122.800270080566,49.1190185546875,675
2017-05-16 11:54:36.000 -07:00,364,-122.888282775879,49.1376152038574,676
2017-05-16 11:56:13.000 -07:00,364,-122.773246765137,49.1188812255859,677
2017-05-16 11:56:45.000 -07:00,364,-122.888282775879,49.1376152038574,678
2017-05-16 11:57:17.000 -07:00,364,-122.76163482666,49.1188659667969,679
2017-05-16 11:58:22.000 -07:00,364,-122.888282775879,49.1376152038574,680
2017-05-16 11:58:54.000 -07:00,364,-122.750450134277,49.1188316345215,681
2017-05-16 12:00:32.000 -07:00,364,-122.888366699219,49.1372489929199,682
2017-05-16 12:01:37.000 -07:00,364,-122.735717773438,49.1187324523926,683
2017-05-16 12:02:42.000 -07:00,364,-122.888366699219,49.1372489929199,684
2017-05-16 12:04:52.000 -07:00,364,-122.718353271484,49.1187324523926,685
2017-05-16 12:06:29.000 -07:00,364,-122.890419006348,49.1363677978516,686
2017-05-16 12:07:01.000 -07:00,364,-122.699851989746,49.1189994812012,687
2017-05-16 12:08:06.000 -07:00,364,-122.890434265137,49.1328163146973,688
2017-05-16 12:09:11.000 -07:00,364,-122.695846557617,49.1190490722656,689
2017-05-16 12:10:49.000 -07:00,364,-122.883651733398,49.1192169189453,690
2017-05-16 12:11:54.000 -07:00,364,-122.671051025391,49.1189651489258,691
2017-05-16 12:12:59.000 -07:00,364,-122.872596740723,49.1191177368164,692
2017-05-16 12:14:36.000 -07:00,364,-122.658897399902,49.1188812255859,693
2017-05-16 12:16:13.000 -07:00,364,-122.850364685059,49.1189651489258,694
2017-05-16 12:17:50.000 -07:00,364,-122.659934997559,49.1089820861816,695
2017-05-16 12:19:28.000 -07:00,364,-122.822601318359,49.119083404541,696
2017-05-16 12:20:33.000 -07:00,364,-122.816879272461,49.1190986633301,697
2017-05-16 12:21:38.000 -07:00,364,-122.811470031738,49.119083404541,698
2017-05-16 12:22:11.000 -07:00,364,-122.800033569336,49.1190185546875,699
2017-05-16 12:24:03.000 -07:00,364,-122.774299621582,49.1188812255859,700
2017-05-16 12:25:08.000 -07:00,364,-122.760696411133,49.1188659667969,701
2017-05-16 12:27:17.000 -07:00,364,-122.750900268555,49.1188316345215,702
2017-05-16 12:28:54.000 -07:00,364,-122.741180419922,49.118782043457,703
2017-05-16 12:30:31.000 -07:00,364,-122.724716186523,49.1187324523926,704
2017-05-16 12:31:36.000 -07:00,364,-122.888397216797,49.1372489929199,705
2017-05-16 12:33:14.000 -07:00,364,-122.695213317871,49.1190490722656,706
2017-05-16 12:34:19.000 -07:00,364,-122.888801574707,49.1373176574707,707
2017-05-16 12:35:24.000 -07:00,364,-122.688919067383,49.1192512512207,708
2017-05-16 12:38:06.000 -07:00,364,-122.890449523926,49.123218536377,709
2017-05-16 12:38:38.000 -07:00,364,-122.671432495117,49.1189651489258,710
2017-05-16 12:40:15.000 -07:00,364,-122.883598327637,49.1192169189453,711
2017-05-16 12:41:20.000 -07:00,364,-122.662651062012,49.1189155578613,712
2017-05-16 12:41:53.000 -07:00,364,-122.872619628906,49.1191177368164,713
2017-05-16 12:42:58.000 -07:00,364,-122.654930114746,49.1181182861328,714
2017-05-16 12:44:03.000 -07:00,364,-122.861663818359,49.1189651489258,715
2017-05-16 12:45:08.000 -07:00,364,-122.659652709961,49.1092681884766,716
2017-05-16 12:46:13.000 -07:00,364,-122.849731445313,49.1189651489258,717
2017-05-16 12:48:54.000 -07:00,364,-122.833564758301,49.1190490722656,718
2017-05-16 12:51:03.000 -07:00,364,-122.828132629395,49.119068145752,719
2017-05-16 12:51:35.000 -07:00,364,-122.818664550781,49.1190986633301,720
2017-05-16 12:52:39.000 -07:00,364,-122.811485290527,49.119083404541,721
2017-05-16 12:54:48.000 -07:00,364,-122.800132751465,49.1190185546875,722
2017-05-16 12:55:52.000 -07:00,364,-122.888397216797,49.1372489929199,723
2017-05-16 12:58:01.000 -07:00,364,-122.774215698242,49.1188812255859,724
2017-05-16 12:59:06.000 -07:00,364,-122.750831604004,49.1188316345215,725
2017-05-16 13:00:11.000 -07:00,364,-122.888397216797,49.1372489929199,726
2017-05-16 13:01:16.000 -07:00,364,-122.74144744873,49.118782043457,727
2017-05-16 13:02:21.000 -07:00,364,-122.88777923584,49.1375312805176,728
2017-05-16 13:03:26.000 -07:00,364,-122.725303649902,49.1187324523926,729
2017-05-16 13:05:03.000 -07:00,364,-122.890419006348,49.1361999511719,730
2017-05-16 13:05:35.000 -07:00,364,-122.71183013916,49.1187515258789,731
2017-05-16 13:06:07.000 -07:00,364,-122.890419006348,49.1342506408691,732
2017-05-16 13:08:16.000 -07:00,364,-122.695198059082,49.1190490722656,733
2017-05-16 13:08:48.000 -07:00,364,-122.890449523926,49.123649597168,734
2017-05-16 13:10:57.000 -07:00,364,-122.689697265625,49.1193313598633,735
2017-05-16 13:12:02.000 -07:00,364,-122.872596740723,49.1191177368164,736
2017-05-16 13:13:07.000 -07:00,364,-122.671234130859,49.1189651489258,737
2017-05-16 13:15:49.000 -07:00,364,-122.662101745605,49.1189155578613,738
2017-05-16 13:16:54.000 -07:00,364,-122.65648651123,49.1188507080078,739
2017-05-16 13:17:59.000 -07:00,364,-122.838920593262,49.1190338134766,740
2017-05-16 13:18:31.000 -07:00,364,-122.654815673828,49.1181983947754,741
2017-05-16 13:19:03.000 -07:00,364,-122.833648681641,49.1190490722656,742
2017-05-16 13:21:12.000 -07:00,364,-122.816986083984,49.1190986633301,743
2017-05-16 13:21:44.000 -07:00,364,-122.811065673828,49.119083404541,744
2017-05-16 13:23:53.000 -07:00,364,-122.800117492676,49.1190185546875,745
2017-05-16 13:26:03.000 -07:00,364,-122.76171875,49.1188659667969,746
2017-05-16 13:28:13.000 -07:00,364,-122.750732421875,49.1188316345215,747
2017-05-16 13:29:18.000 -07:00,364,-122.744850158691,49.1188163757324,748
2017-05-16 13:30:23.000 -07:00,364,-122.74161529541,49.118782043457,749
2017-05-16 13:31:28.000 -07:00,364,-122.888366699219,49.1372489929199,750
2017-05-16 13:32:00.000 -07:00,364,-122.730018615723,49.118782043457,751
2017-05-16 13:33:05.000 -07:00,364,-122.888534545898,49.1375160217285,752
2017-05-16 13:33:37.000 -07:00,364,-122.718368530273,49.1187324523926,753
2017-05-16 13:35:46.000 -07:00,364,-122.890419006348,49.1366004943848,754
2017-05-16 13:36:18.000 -07:00,364,-122.69554901123,49.1190490722656,755
2017-05-16 13:36:52.000 -07:00,364,-122.890419006348,49.1354179382324,756
2017-05-16 13:37:57.000 -07:00,364,-122.68913269043,49.1192321777344,757
2017-05-16 13:39:02.000 -07:00,364,-122.890449523926,49.1297340393066,758
2017-05-16 13:40:39.000 -07:00,364,-122.671165466309,49.1189651489258,759
2017-05-16 13:41:44.000 -07:00,364,-122.890449523926,49.1233825683594,760
2017-05-16 13:42:49.000 -07:00,364,-122.665199279785,49.1189498901367,761
2017-05-16 13:43:54.000 -07:00,364,-122.87841796875,49.1191673278809,762
2017-05-16 13:47:41.000 -07:00,364,-122.656715393066,49.1155662536621,763
2017-05-16 13:48:14.000 -07:00,364,-122.850364685059,49.1189651489258,764
2017-05-16 13:49:19.000 -07:00,364,-122.65991973877,49.1089820861816,765
2017-05-16 13:50:56.000 -07:00,364,-122.834381103516,49.1190490722656,766
2017-05-16 13:52:01.000 -07:00,364,-122.828330993652,49.119068145752,767
2017-05-16 13:53:06.000 -07:00,364,-122.816551208496,49.119083404541,768
2017-05-16 13:54:43.000 -07:00,364,-122.800384521484,49.1190185546875,769
2017-05-16 13:56:20.000 -07:00,364,-122.773284912109,49.1188812255859,770
2017-05-16 13:56:52.000 -07:00,364,-122.762451171875,49.1188659667969,771
2017-05-16 13:59:01.000 -07:00,364,-122.750816345215,49.1188316345215,772
2017-05-16 13:59:33.000 -07:00,364,-122.741348266602,49.118782043457,773
2017-05-16 14:01:42.000 -07:00,364,-122.725685119629,49.1187515258789,774
2017-05-16 14:02:47.000 -07:00,364,-122.719299316406,49.1187324523926,775
2017-05-16 14:04:57.000 -07:00,364,-122.706436157227,49.1188659667969,776
2017-05-16 14:06:35.000 -07:00,364,-122.695236206055,49.1190490722656,777
2017-05-16 14:08:12.000 -07:00,364,-122.688369750977,49.1191482543945,778
2017-05-16 14:10:21.000 -07:00,364,-122.676651000977,49.1189994812012,779
2017-05-16 14:10:53.000 -07:00,364,-122.671401977539,49.1189651489258,780
2017-05-16 14:12:30.000 -07:00,364,-122.667366027832,49.1189498901367,781
2017-05-16 14:13:35.000 -07:00,364,-122.663070678711,49.1189346313477,782
2017-05-16 14:14:40.000 -07:00,364,-122.657249450684,49.1188507080078,783
2017-05-16 14:16:18.000 -07:00,364,-122.65446472168,49.118465423584,784
2017-05-16 14:17:23.000 -07:00,364,-122.657569885254,49.1112823486328,785
2017-05-16 14:18:28.000 -07:00,364,-122.657035827637,49.1075325012207,786
2017-05-16 11:12:23.000 -07:00,701,-122.79923248291,49.274715423584,787
2017-05-16 11:14:33.000 -07:00,701,-122.798965454102,49.2752494812012,788
2017-05-16 11:29:09.000 -07:00,701,-122.798599243164,49.2757682800293,789
2017-05-16 11:32:23.000 -07:00,701,-122.798248291016,49.2752342224121,790
2017-05-16 11:32:55.000 -07:00,701,-122.798965454102,49.2752494812012,791
2017-05-16 11:34:00.000 -07:00,701,-122.798919677734,49.275333404541,792
2017-05-16 11:35:05.000 -07:00,701,-122.798965454102,49.2752494812012,793
2017-05-16 11:36:43.000 -07:00,701,-122.797714233398,49.2762832641602,794
2017-05-16 11:37:48.000 -07:00,701,-122.798965454102,49.2752494812012,795
2017-05-16 11:38:53.000 -07:00,701,-122.792152404785,49.2741012573242,796
2017-05-16 11:39:26.000 -07:00,701,-122.798965454102,49.2752494812012,797
2017-05-16 11:39:58.000 -07:00,701,-122.792152404785,49.2741012573242,798
2017-05-16 11:41:04.000 -07:00,701,-122.798965454102,49.2752494812012,799
2017-05-16 11:44:20.000 -07:00,701,-122.766319274902,49.26318359375,800
2017-05-16 11:45:57.000 -07:00,701,-122.798583984375,49.2757835388184,801
2017-05-16 11:46:29.000 -07:00,701,-122.746963500977,49.2550163269043,802
2017-05-16 11:49:11.000 -07:00,701,-122.799201965332,49.2745513916016,803
2017-05-16 11:49:44.000 -07:00,701,-122.718963623047,49.2425346374512,804
2017-05-16 11:50:16.000 -07:00,701,-122.79801940918,49.2763824462891,805
2017-05-16 11:51:21.000 -07:00,701,-122.700233459473,49.2351684570313,806
2017-05-16 11:52:26.000 -07:00,701,-122.792182922363,49.2741165161133,807
2017-05-16 11:53:31.000 -07:00,701,-122.700233459473,49.2351684570313,808
2017-05-16 11:54:36.000 -07:00,701,-122.780700683594,49.2693328857422,809
2017-05-16 11:56:13.000 -07:00,701,-122.700233459473,49.2351684570313,810
2017-05-16 11:56:45.000 -07:00,701,-122.775115966797,49.2668342590332,811
2017-05-16 11:57:17.000 -07:00,701,-122.700233459473,49.2351684570313,812
2017-05-16 11:58:22.000 -07:00,701,-122.765785217285,49.2629661560059,813
2017-05-16 11:58:54.000 -07:00,701,-122.700233459473,49.2351684570313,814
2017-05-16 12:00:32.000 -07:00,701,-122.75700378418,49.2592811584473,815
2017-05-16 12:01:37.000 -07:00,701,-122.700233459473,49.2351684570313,816
2017-05-16 12:02:42.000 -07:00,701,-122.724533081055,49.2458152770996,817
2017-05-16 12:04:52.000 -07:00,701,-122.799003601074,49.2751846313477,818
2017-05-16 12:06:29.000 -07:00,701,-122.692581176758,49.2322006225586,819
2017-05-16 12:07:01.000 -07:00,701,-122.799003601074,49.2751846313477,820
2017-05-16 12:08:06.000 -07:00,701,-122.689529418945,49.2291831970215,821
2017-05-16 12:09:11.000 -07:00,701,-122.799003601074,49.2751846313477,822
2017-05-16 12:10:49.000 -07:00,701,-122.689529418945,49.2289657592773,823
2017-05-16 12:11:54.000 -07:00,701,-122.799003601074,49.2751846313477,824
2017-05-16 12:12:59.000 -07:00,701,-122.689529418945,49.2289657592773,825
2017-05-16 12:14:36.000 -07:00,701,-122.799003601074,49.2751846313477,826
2017-05-16 12:16:13.000 -07:00,701,-122.689529418945,49.2289657592773,827
2017-05-16 12:17:50.000 -07:00,701,-122.79923248291,49.2747344970703,828
2017-05-16 12:19:28.000 -07:00,701,-122.689567565918,49.2268829345703,829
2017-05-16 12:20:33.000 -07:00,701,-122.798248291016,49.2764320373535,830
2017-05-16 12:21:38.000 -07:00,701,-122.689613342285,49.2212181091309,831
2017-05-16 12:22:11.000 -07:00,701,-122.792320251465,49.2741661071777,832
2017-05-16 12:24:03.000 -07:00,701,-122.673965454102,49.2172164916992,833
2017-05-16 12:25:08.000 -07:00,701,-122.775352478027,49.2669334411621,834
2017-05-16 12:25:40.000 -07:00,701,-122.666915893555,49.2179679870605,835
2017-05-16 12:27:17.000 -07:00,701,-122.775100708008,49.2668342590332,836
2017-05-16 12:27:49.000 -07:00,701,-122.665565490723,49.2196159362793,837
2017-05-16 12:28:54.000 -07:00,701,-122.766334533691,49.2631988525391,838
2017-05-16 12:30:31.000 -07:00,701,-122.650047302246,49.220531463623,839
2017-05-16 12:31:36.000 -07:00,701,-122.74698638916,49.2550315856934,840
2017-05-16 12:33:14.000 -07:00,701,-122.638481140137,49.220531463623,841
2017-05-16 12:34:19.000 -07:00,701,-122.719596862793,49.2428817749023,842
2017-05-16 12:35:24.000 -07:00,701,-122.621932983398,49.2205657958984,843
2017-05-16 12:38:06.000 -07:00,701,-122.689582824707,49.2252502441406,844
2017-05-16 12:38:38.000 -07:00,701,-122.603950500488,49.2204818725586,845
2017-05-16 12:40:15.000 -07:00,701,-122.689613342285,49.2213172912598,846
2017-05-16 12:41:20.000 -07:00,701,-122.603881835938,49.2204818725586,847
2017-05-16 12:41:53.000 -07:00,701,-122.688613891602,49.2171516418457,848
2017-05-16 12:42:58.000 -07:00,701,-122.596481323242,49.2196502685547,849
2017-05-16 12:44:03.000 -07:00,701,-122.798515319824,49.2758827209473,850
2017-05-16 12:45:08.000 -07:00,701,-122.597114562988,49.2196311950684,851
2017-05-16 12:46:13.000 -07:00,701,-122.798896789551,49.2746658325195,852
2017-05-16 12:46:45.000 -07:00,701,-122.596282958984,49.2192840576172,853
2017-05-16 12:48:54.000 -07:00,701,-122.799217224121,49.2747688293457,854
2017-05-16 12:49:26.000 -07:00,701,-122.583885192871,49.220401763916,855
2017-05-16 12:51:03.000 -07:00,701,-122.797866821289,49.2763328552246,856
2017-05-16 12:51:35.000 -07:00,701,-122.567253112793,49.2203483581543,857
2017-05-16 12:52:07.000 -07:00,701,-122.64966583252,49.220531463623,858
2017-05-16 12:52:39.000 -07:00,701,-122.560150146484,49.2203483581543,859
2017-05-16 12:54:48.000 -07:00,701,-122.780830383301,49.2693824768066,860
2017-05-16 12:55:52.000 -07:00,701,-122.531463623047,49.2202987670898,861
2017-05-16 12:58:01.000 -07:00,701,-122.766418457031,49.2632331848145,862
2017-05-16 12:59:06.000 -07:00,701,-122.798782348633,49.2755317687988,863
2017-05-16 13:00:11.000 -07:00,701,-122.747085571289,49.2550811767578,864
2017-05-16 13:01:16.000 -07:00,701,-122.798652648926,49.2751502990723,865
2017-05-16 13:02:21.000 -07:00,701,-122.718879699707,49.2424812316895,866
2017-05-16 13:03:26.000 -07:00,701,-122.798614501953,49.275749206543,867
2017-05-16 13:05:03.000 -07:00,701,-122.696968078613,49.2338981628418,868
2017-05-16 13:05:35.000 -07:00,701,-122.798614501953,49.275749206543,869
2017-05-16 13:06:07.000 -07:00,701,-122.689567565918,49.2269172668457,870
2017-05-16 13:08:16.000 -07:00,701,-122.798614501953,49.275749206543,871
2017-05-16 13:08:48.000 -07:00,701,-122.689613342285,49.2185668945313,872
2017-05-16 13:10:57.000 -07:00,701,-122.798614501953,49.275749206543,873
2017-05-16 13:12:02.000 -07:00,701,-122.670669555664,49.2172164916992,874
2017-05-16 13:13:07.000 -07:00,701,-122.798614501953,49.275749206543,875
2017-05-16 13:15:49.000 -07:00,701,-122.659652709961,49.2214317321777,876
2017-05-16 13:16:54.000 -07:00,701,-122.798881530762,49.2746658325195,877
2017-05-16 13:17:59.000 -07:00,701,-122.718963623047,49.2425155639648,878
2017-05-16 13:18:31.000 -07:00,701,-122.799201965332,49.2745513916016,879
2017-05-16 13:19:03.000 -07:00,701,-122.646347045898,49.220516204834,880
2017-05-16 13:21:12.000 -07:00,701,-122.797729492188,49.2762985229492,881
2017-05-16 13:21:44.000 -07:00,701,-122.631103515625,49.2205657958984,882
2017-05-16 13:23:53.000 -07:00,701,-122.792213439941,49.2741317749023,883
2017-05-16 13:26:03.000 -07:00,701,-122.603851318359,49.2204818725586,884
2017-05-16 13:27:08.000 -07:00,701,-122.775131225586,49.2668495178223,885
2017-05-16 13:28:13.000 -07:00,701,-122.535568237305,49.2202682495117,886
2017-05-16 13:28:45.000 -07:00,701,-122.766380310059,49.2632179260254,887
2017-05-16 13:29:18.000 -07:00,701,-122.535568237305,49.2202682495117,888
2017-05-16 13:30:23.000 -07:00,701,-122.757118225098,49.2593154907227,889
2017-05-16 13:31:28.000 -07:00,701,-122.535568237305,49.2202682495117,890
2017-05-16 13:32:00.000 -07:00,701,-122.7470703125,49.2550659179688,891
2017-05-16 13:33:05.000 -07:00,701,-122.535568237305,49.2202682495117,892
2017-05-16 13:33:37.000 -07:00,701,-122.72730255127,49.2470169067383,893
2017-05-16 13:35:46.000 -07:00,701,-122.535568237305,49.2202682495117,894
2017-05-16 13:36:18.000 -07:00,701,-122.692764282227,49.2322845458984,895
2017-05-16 13:36:52.000 -07:00,701,-122.535568237305,49.2202682495117,896
2017-05-16 13:37:57.000 -07:00,701,-122.689529418945,49.2288513183594,897
2017-05-16 13:39:02.000 -07:00,701,-122.603851318359,49.2204818725586,898
2017-05-16 13:40:39.000 -07:00,701,-122.688835144043,49.2171516418457,899
2017-05-16 13:41:44.000 -07:00,701,-122.596496582031,49.2196502685547,900
2017-05-16 13:42:49.000 -07:00,701,-122.682670593262,49.2171821594238,901
2017-05-16 13:43:54.000 -07:00,701,-122.596984863281,49.2196311950684,902
2017-05-16 13:47:41.000 -07:00,701,-122.65975189209,49.2214317321777,903
2017-05-16 13:48:14.000 -07:00,701,-122.58553314209,49.220401763916,904
2017-05-16 13:49:19.000 -07:00,701,-122.654731750488,49.2214164733887,905
2017-05-16 13:50:56.000 -07:00,701,-122.573120117188,49.2203826904297,906
2017-05-16 13:52:01.000 -07:00,701,-122.64631652832,49.220516204834,907
2017-05-16 13:53:06.000 -07:00,701,-122.56063079834,49.2203483581543,908
2017-05-16 13:54:43.000 -07:00,701,-122.627265930176,49.2205657958984,909
2017-05-16 13:56:20.000 -07:00,701,-122.531280517578,49.2202987670898,910
2017-05-16 13:56:52.000 -07:00,701,-122.608764648438,49.2205009460449,911
2017-05-16 13:59:01.000 -07:00,701,-122.666664123535,49.2179679870605,912
2017-05-16 13:59:33.000 -07:00,701,-122.603950500488,49.2204818725586,913
2017-05-16 14:01:42.000 -07:00,701,-122.660949707031,49.2214317321777,914
2017-05-16 14:03:52.000 -07:00,701,-122.64981842041,49.220531463623,915
2017-05-16 14:08:12.000 -07:00,701,-122.626968383789,49.2205657958984,916
2017-05-16 14:10:21.000 -07:00,701,-122.608680725098,49.2205009460449,917
2017-05-16 14:12:30.000 -07:00,701,-122.603797912598,49.2204818725586,918
2017-05-16 14:13:35.000 -07:00,701,-122.596450805664,49.2196502685547,919
2017-05-16 14:14:40.000 -07:00,701,-122.59725189209,49.2196311950684,920
2017-05-16 14:16:18.000 -07:00,701,-122.593353271484,49.2204322814941,921
2017-05-16 14:17:23.000 -07:00,701,-122.589286804199,49.2204170227051,922
2017-05-16 14:18:28.000 -07:00,701,-122.583946228027,49.220401763916,923
2017-05-16 14:20:20.000 -07:00,701,-122.573402404785,49.2203826904297,924
2017-05-16 14:21:57.000 -07:00,701,-122.560600280762,49.2203483581543,925
2017-05-16 14:23:02.000 -07:00,701,-122.556365966797,49.2203330993652,926
2017-05-16 14:24:40.000 -07:00,701,-122.539115905762,49.2202491760254,927
2017-05-16 14:25:45.000 -07:00,701,-122.534034729004,49.2202835083008,928
2017-05-16 14:27:23.000 -07:00,701,-122.529197692871,49.2207679748535,929
2017-05-16 14:29:00.000 -07:00,701,-122.534698486328,49.2204170227051,930
2017-05-16 12:24:03.000 -07:00,C41,-122.689498901367,49.2258338928223,931
2017-05-16 12:25:08.000 -07:00,C41,-122.689346313477,49.2274513244629,932
2017-05-16 12:25:40.000 -07:00,C41,-122.688529968262,49.2270812988281,933
2017-05-16 12:27:17.000 -07:00,C41,-122.681381225586,49.2256011962891,934
2017-05-16 12:28:54.000 -07:00,C41,-122.676551818848,49.2254676818848,935
2017-05-16 12:38:06.000 -07:00,C41,-122.694602966309,49.2224311828613,936
2017-05-16 12:38:38.000 -07:00,C41,-122.693580627441,49.2197685241699,937
2017-05-16 12:40:15.000 -07:00,C41,-122.689636230469,49.2178688049316,938
2017-05-16 12:41:20.000 -07:00,C41,-122.683799743652,49.2162322998047,939
2017-05-16 12:41:53.000 -07:00,C41,-122.683815002441,49.2147674560547,940
2017-05-16 12:42:58.000 -07:00,C41,-122.678230285645,49.2130661010742,941
2017-05-16 12:44:03.000 -07:00,C41,-122.678314208984,49.2094345092773,942
2017-05-16 12:46:13.000 -07:00,C41,-122.680633544922,49.2031173706055,943
2017-05-16 12:46:45.000 -07:00,C41,-122.678382873535,49.2028007507324,944
2017-05-16 12:48:54.000 -07:00,C41,-122.678070068359,49.2114334106445,945
2017-05-16 12:51:03.000 -07:00,C41,-122.67064666748,49.2108001708984,946
2017-05-16 12:52:07.000 -07:00,C41,-122.670768737793,49.2134666442871,947
2017-05-16 12:52:39.000 -07:00,C41,-122.673683166504,49.2146987915039,948
2017-05-16 12:54:48.000 -07:00,C41,-122.670082092285,49.2172164916992,949
2017-05-16 12:55:52.000 -07:00,C41,-122.665817260742,49.216968536377,950
2017-05-16 12:58:01.000 -07:00,C41,-122.669403076172,49.2180671691895,951
2017-05-16 12:59:06.000 -07:00,C41,-122.670913696289,49.2216987609863,952
2017-05-16 13:21:12.000 -07:00,C41,-122.690147399902,49.2244987487793,953
2017-05-16 13:23:53.000 -07:00,C41,-122.688529968262,49.2271347045898,954
2017-05-16 13:26:03.000 -07:00,C41,-122.676582336426,49.2254486083984,955
2017-05-16 13:28:13.000 -07:00,C41,-122.672882080078,49.2213172912598,956
2017-05-16 13:30:23.000 -07:00,C41,-122.672653198242,49.2207336425781,957
2017-05-16 13:37:57.000 -07:00,C41,-122.691749572754,49.2243499755859,958
2017-05-16 13:39:02.000 -07:00,C41,-122.693969726563,49.2224311828613,959
2017-05-16 13:40:39.000 -07:00,C41,-122.689636230469,49.2178497314453,960
2017-05-16 13:41:44.000 -07:00,C41,-122.683799743652,49.2162170410156,961
2017-05-16 13:42:49.000 -07:00,C41,-122.683784484863,49.2143821716309,962
2017-05-16 13:43:54.000 -07:00,C41,-122.678230285645,49.213249206543,963
2017-05-16 13:47:41.000 -07:00,C41,-122.679664611816,49.2028312683105,964
2017-05-16 13:49:19.000 -07:00,C41,-122.678314208984,49.208683013916,965
2017-05-16 13:50:56.000 -07:00,C41,-122.671035766602,49.2107162475586,966
2017-05-16 13:52:01.000 -07:00,C41,-122.673530578613,49.2146987915039,967
2017-05-16 13:53:06.000 -07:00,C41,-122.673500061035,49.2172164916992,968
2017-05-16 13:54:43.000 -07:00,C41,-122.665817260742,49.2172660827637,969
2017-05-16 13:56:20.000 -07:00,C41,-122.669715881348,49.2182846069336,970
